 lokasi, alamat_kantor,kode_pos,telepon,fax,latitude,longitude
BADAN PELAYANAN TERPADU SATU PINTU,"Jl. Kebon Sirih No. 18 Blok H Lantai 18, Jakarta",10110,021 3841823,021 3841823,-6.182027,106.82833
PTSP KOTA ADMINISTRASI JAKARTA PUSAT,"Jl. Tanah Abang 1 No. 1, Gambir",10160,021 3441487,,-6.172999,106.8189098
PTSP KECAMATAN GAMBIR,"Jl. Tanah Abang 1 No. 10, Gambir",10160,021 38901779,021 38901779,-6.170865,106.81925
PTSP Kelurahan Gambir,"Jl. Budi Kemuliaan No. 12, Gambir",10110,021 3518384,021 3504151,-6.179949,106.816122
PTSP Kelurahan Cideng,"Jl. Petojo Selatan XI No. 19, Cideng",10150,021 63861716,021 63861716,-6.167895,106.809231
PTSP Kelurahan Petojo Utara,"Jl. Pembangunan II Taman Kecamatan Gambir, Petojo Utara",10130,021 6343273,021 6343273,-6.162532,106.8176
PTSP Kelurahan Petojo Selatan,"Jl. Petojo Melintang No. 19, Petojo Selatan",10160,021 3862032,021 3520886,-6.171873,106.816871
PTSP Kelurahan Kebon Kelapa,"Jl. Batu Tulis VII No. 21, Kebon Kelapa",10120,021 3522401,,-6.165955,106.825544
PTSP Kelurahan Duri Pulo,"Jl. Petojo Barat V, Duri Pulo",10140,021 6342880,021 6342880,-6.163782,106.809329
PTSP KECAMATAN SAWAH BESAR,Jl. Karang Anyar Raya No. 12,,,,-6.151737,106.827451
PTSP Kelurahan Pasar Baru,"Jl. Krekot Jaya I No. 4C, Pasar Baru",10710, ,,-6.161497,106.830164
PTSP Kelurahan Karang Anyar,"Jl. B Raya No. 1, Karang Anyar",10740,021 6291252,021 62310699,-6.1558947,106.8288099
PTSP Kelurahan Kartini,"Jl. Kartini VIII Dalam No. 18, Kartini",10750,021 62201172,021 6292096,-6.153283,106.831783
PTSP Kelurahan Gunung Sahari Utara,"Jl. Gunung Sahari 7A No. 30, Gunung Sahari Utara",10720,021 6268786,021 62200474,-6.152796,106.83873
PTSP Kelurahan Mangga Dua Selatan,"Jl. Mangga Dua Dalam No. 1, Mangga Dua Selatan",10730,021 6293296,021 6293296,-6.138095,106.82695
PTSP KECAMATAN KEMAYORAN,"Jl. Serdang III No. 1, Kemayoran",10650,021 4203642,021 4203642,-6.15639,106.8617443
PTSP Kelurahan KEMAYORAN,"Jl. Kepu Barat Raya No. 5 RT014/RW002, Kemayoran",10620,021 4214661,021 4214661,-6.167751,106.843789
PTSP Kelurahan KEBON KOSONG,"Jl. Dakota V, Kebon Kosong",10630,021 4214678,021 4244825,,
PTSP Kelurahan HARAPAN MULYA,"Jl. Cempaka Wangi II No. 17, Harapan Mulia",10640,021 4243768,021 4214774,-6.230751,106.9907
PTSP Kelurahan SERDANG,"Jl. Bendungan Jago No. 11, Serdang",10650,021 4214664,,-6.159015,106.856065
PTSP Kelurahan Gunung Sahari Selatan,"Jl. Kran Raya No.77, Gunung Sahari Selatan",10610,021 4244445,,-6.160791,106.845829
PTSP Kelurahan Cempaka Baru,"Jl. Cempaka Baru II No. 1 RT008/RW006, Cempaka Baru",10640,021 4244248,021 4214638,-6.169734,106.859407
PTSP Kelurahan SUMUR BATU,"Jl. Howitzer Raya No. 5A, Sumur Batu",10660,021 4214748,021 4213489,-6.164652,106.86819
PTSP Kelurahan UTAN PANJANG,"Jl. D. Bendungan Jago No. 49, Utan Panjang",10650,0812 18886181,,-6.1626817,106.8528433
PTSP KECAMATAN SENEN,"Jl. Kramat Raya No. 114, Senen",10400,,,-6.184748,106.843488
PTSP Kelurahan SENEN,"Jl. Pasar Senen Dalam VI, Senen",10410,021 42873302,021 42873302,-6.172496,106.842497
PTSP Kelurahan KENARI,"Jl. Jambrut No. 12, Kenari",10430,021 3913686,021 3913686,-6.190844,106.846008
PTSP Kelurahan PASEBAN,"Jl. Paseban Raya No.71 F-G, Paseban",10440,021 3905331,021 3905331,-6.191593,106.8538
PTSP Kelurahan KRAMAT,"Jl. Kramat Pulo Dalam II, Kramat",10450,021 22390446,,-6.18534,106.847669
PTSP Kelurahan KWITANG,"Jl. Kramat IV Ujung, Kwitang",10420,021 3916510,021 3916510,-6.1867647,106.8386466
PTSP Kelurahan BUNGUR,"Jl. Kp Kepu Gang V No. 277, Bungur",10460,021 42885235,021 42885235,-6.168948,106.846223
PTSP KECAMATAN CEMPAKA PUTIH,Jl. Komplek Perkantoran Rawa Kerbau No. 3,10510,021 4211583,021 4224783,-6.184715,106.873043
PTSP Kelurahan Cempaka Putih Timur,Jl. Cempaka Putih Tengah No. 17,10510,,,-6.10256,106.52137
PTSP Kelurahan Cempaka Putih Barat,"Jl. Cempaka Putih Barat XXV, Cempaka Putih Barat",10520,021 4209400,021 424211585,-6.183743,106.867517
PTSP Kelurahan Rawasari,"Jl. Pramukasari I No. 1, Rawasari",10570,021 4241656,,-6.1903035,106.8703539
PTSP KECAMATAN MENTENG,"Jl. Pegangsaan Barat No. 14, Menteng",10300,,,-6.199445,106.841327
PTSP Kelurahan MENTENG,"Jl. Anyer No. 9A, Menteng",10310,021 3924429,021 3141626,-6.2036854,106.8447696
PTSP Kelurahan PEGANGSAAN,Jl. Taman Amir Hamzah No. 1,10320,021 3159508,021 3159508,-6.203894,106.850307
PTSP Kelurahan CIKINI,"Jl. Cikini VIII No. 7, Cikini",10330,,,-6.18836,106.83923
PTSP Kelurahan GONDANGDIA,"Jl. Jambu No.2A RT.005 RW.002, Kelurahan Gondangdia, (Renovasi)
Jl. Pegangsaan Barat No. 14, Kelurahan Menteng (Sementara)",10350,021 3106333,,-6.1903529,106.8324373
PTSP Kelurahan KEBON SIRIH,"Jl. Jaksa No. 8, Kebon Sirih",10340,,,-6.184089,106.829309
PTSP KECAMATAN TANAH ABANG,"Jl. KH. Mas Mansyur No.130, Tanah Abang",10230,021 3106105,021 3106104,-6.199778,106.814832
PTSP Kelurahan GELORA,"Jl. Gerbang Pemuda No. 1, Gelora",10270,021 5732465,021 5732465,-6.213969,106.798212
PTSP Kelurahan BENDUNGAN HILIR,"Jl. Penjernihan 1 No. 29, Bendungan Hilir",26211,,,-6.201628,106.8083
PTSP Kelurahan Karet Tengsin,"Jl. Karet Padar Baru VII, Karet Tengsin",10220,,,-6.212386,106.8153
PTSP Kelurahan Petamburan,"Jl. Petamburan II No. 50, Petamburan",10260,021 53679869,021 53679869,-6.193176,106.80794
PTSP Kelurahan Kebon Melati,"Jl. Lontar Raya No. 3, Kebon Melati",10230,,,-6.191278,106.8127
PTSP Kelurahan KEBON KACANG,"Jl. KH. Mas Mansyur No. 30, Kebon Kacang",10240,,,-6.191002,106.81464
PTSP Kelurahan KAMPUNG BALI,"Jl. Kampung Bali V No. 8 RT005/RW008, Kampung Bali",10250,021 3927391,021 3927391,-6.183938,106.818926
PTSP KECAMATAN JOHAR BARU,"Jl. Johar Baru Utara 1 No. 1, Johar Baru",10560,021 4211592,021 4211592,-6.182376,106.856322
PTSP Kelurahan JOHAR BARU,"Jl. Johar Baru Utara II RT003/RW003, Johar Baru, Kota Jakarta Pusat",10560,021 4244245,,-6.183331,106.856322
PTSP Kelurahan KAMPUNG RAWA,"Jl. Rawa Selatan III No. 39, Johar Baru",10550,021 4206024,021 4228788,-6.180626,106.858638
PTSP Kelurahan GALUR,Jl. Galur Jaya No. 36,10530,,,-6.175558,106.854586
PTSP Kelurahan TANAH TINGGI,Jl. Kramat Pulo Gadung No. 148,10540,,,-6.183771,106.849305
PTSP KOTA ADMINISTRASI JAKARTA UTARA,Jl. Laksada Yosudarso No. 27-29,,,,-6.1200079,106.8900043
PTSP KECAMATAN KOJA,"Jl. Mangga No. 1, Lagoa",14270,021 43930778,,-6.11796,106.910761
PTSP Kelurahan Koja ,"Jl. Inspeksi Kali Sunter No. 1, Koja",14220,021 43931927,021 4371711,-6.112374,106.8975
PTSP Kelurahan Rawa Badak Utara,Jl. Alur Laut I,14230,,,-6.11915,106.89876
PTSP KelurahanRawa Badak Selatan,"Jl. Alur Laut I No. 7, Rawa Badak Selatan",14230,021 43900417,021 43900417,-6.1282492,106.8987497
PTSP Kelurahan Tugu Utara,"Jl. Mahoni Selatan No. 1, Tugu Utara",14260,021 43932255,021 43932255,-6.12189,106.913122
PTSP Kelurahan Tugu Selatan,"Jl. Bendungan Melayu Utara No. 4, Tugu Selatan  ",14260,021 4301555,,-6.131006,106.907631
PTSP Kelurahan Lagoa,"Jl. Mangga No. 7, Lagoa",14270,021 439030187,,-6.112867,106.908398
PTSP KECAMATAN KELAPA GADING,Jl. Kelapa Nias Blok LC.1 No. 1,14201,0821 14803749,,-6.151323,106.904667
PTSP Kelurahan Kelapa Gading Barat,"Jl. Boulevard Utara Blok PA 19 No. 22 - 23, Kelapa Gading Barat",14240,021 24520755,021 24520755,-6.162917,106.884695
PTSP Kelurahan Kelapa Gading Timur,Jl. Gading Elok Barat III Blok DF No. 1,14240,021 45858044,,-6.166643,106.902433
PTSP Kelurahan Pegangsaan Dua,Jl. Raya Kelapa Nias PA No. 3/8,14250,021 45841273,,-6.154458,106.910805
PTSP KECAMATAN TANJUNG PRIOK,"Jl. Laksda Yos Sudarso No. 22, Tanjung Priok",14310,021 43935429,021 43935429,-6.116617,106.892763
PTSP Kelurahan Tanjung Priok,Jl. Tenggiri No. 47 RT004/RW008,14310,021 43931256,,-6.112978,106.881429
PTSP Kelurahan Kebon Bawang,Jl. Swasembada Timur No. 1,14320,021 43930832,,-6.116286,106.888638
PTSP Kelurahan Sungai Bambu,Jl. Ganggeng Terusan No. 16,14330,021 43930089,,-6.116262,106.881032
PTSP Kelurahan Papanggo,Jl. Bisma Timur II,14340,021 65300278,,-6.130354,106.872024
PTSP Kelurahan Warakas,"Jl. Warakas III Gang 12 No. 5-7, Warakas",14340,021 4371704,021 4371704,-6.119562,106.8752846
PTSP Kelurahan Sunter Agung,Jl. Sunter Karya Selatan Blok G,14350,021 6459933,,-6.139443,106.871317
PTSP Kelurahan Sunter Jaya,"Jl. Bentengan VI No. 1, Jakarta 14350",14350,021 6506000,,-6.14974,106.867391
PTSP KECAMATAN PADEMANGAN,"Jl. GOR Pademangan No. 1, Pademangan",14420,021 6459956,021 6459956,-6.133053,106.837211
PTSP Kelurahan Pademangan Timur,Jl. Pademangan VII No. 34B,14410,,,-6.130747,106.845387
PTSP Kelurahan Pademangan Barat,"Jl. Budi Mulia Raya, Pademangan Barat",14420,021 64712283,021 64712283,-6.132322,106.840398
PTSP Kelurahan Ancol,Jl. Ancol Barat VII No. 1,14430,021 6925911,,-6.123827,106.8174
PTSP KECAMATAN PENJARINGAN,"Jl. Pluit Raya No. 5, Penjaringan",14440,021 6616650,,-6.1266723,106.7938951
PTSP Kelurahan Penjaringan,"Jl. Pluit Raya Selatan No. 1, Penjaringan",14431,,,-6.125518,106.800784
PTSP Kelurahan Pluit,Jl. Pluit Karang Permai 1,14440,,,-6.1252504,106.7757023
PTSP Kelurahan Pejagalan,,14450,,,-6.133589,106.779831
PTSP Kelurahan Kapuk Muara,"Jl. SMPN 122 No. 1 RT001/RW003, Kapuk Muara",14460,021 5401151,021 5401151,-6.136858,106.763765
PTSP Kelurahan Kamal Muara,"Jl. Kamal Muara Raya No. 8, Kamal Muara",14470,021 5550302,021 5550302,-6.098198,106.714443
PTSP KECAMATAN CILINCING,"Jl. Sungai landak No. 7 Kel. Cilincing, Kec. Cilincing, Jakarta Utara",14110,021 4403179,,-6.102347,106.939244
PTSP Kelurahan Kali Baru,"Jl. Kalibaru Timur II No. 60, Kelurahan Kali Baru, Kecamatan Cilincing, Jakarta Utara",14110,021 4401884,,-6.1023745,106.9289789
PTSP Kelurahan Cilincing,"Jl. Cilincing Bakti VI No. 2, CIlincing",14120,021 4405558,021 4405558,-6.1091067,106.9386864
PTSP Kelurahan Semper Barat,"Jl. Pemadam Kebakaran No. 1, Semper Barat",14130,021 4400808,021 4417257,-6.130023,106.926828
PTSP Kelurahan Semper Timur,"Jl. Madya Kebantenan No. 20, Semper Timur",14130,021 4405089,021 4417256,-6.113642,106.926142
PTSP Kelurahan Sukapura,"Jl. Tipar Cakung No.17, Sukapura",14140,021 44837320,021 44837320,-6.1480868,106.9240195
PTSP Kelurahan Rorotan,"Jl. Rorotan IV No. 4, Rorotan",14140,021 44850556,021 44850557,-6.151888,106.9561
PTSP Kelurahan Marunda,Jl. Marunda Baru No. 5,14150,021 44851565,,-6.1247224,106.957383
 PTSP KOTA ADMINISTRASI JAKARTA BARAT,"Jl. Raya Kembangan No. 2, Kembangan",11610,021 58357678,021 58357678,-6.186556,106.737841
PTSP KECAMATAN CENGKARENG,Jl. Kamal Raya No. 1,11730,021 6192834,021 6193590,-6.150349,106.727051
PTSP Kelurahan Kedaung Kali Angke,"Jl. Komplek Departemen Agama RT004/RW003, Kedaung Kali Angke",11710,021 5442153,021 5442153,-6.1537008,106.7622285
PTSP Kelurahan Kapuk,Jl. SMP No. 122,11720,,,-6.131337,106.746142
PTSP Kelurahan Cengkareng Barat,"Jl. Utama Raya No. 1 RT001/RW001, Cengkareng Barat",11730,021 6190223,021 6190223,-6.149644,106.721873
PTSP Kelurahan Cengkareng Timur,"Jl. Fajar Baru Utara No. 16A RT007/RW008, Cengkareng Timur",11730,,,-6.14518,106.733107
PTSP Kelurahan Rawa Buaya,"Tetap : Jl. Bojong Raya RT 005 RW 04, Rawa Buaya
Kontrak : Komplek Bojong Permai, Jl. Bojong Raya Indah No. 48C RT001/RW004, Rawa Buaya",11740,021 5814376,,-6.170797,106.731172
PTSP Kelurahan Duri Kosambi,"Jl. Raya Duri Kosambi No. 9 RT001/RW001, Duri Kosambi",11750,,,-6.170484,106.722333
PTSP KECAMATAN GROGOL PETAMBURAN,"Jl. Tanjung Duren Barat IV No. 2, Grogol Petamburan",11300,,,-6.177974,106.783287
PTSP Kelurahan Tomang,"Jl. Mandala Selatan IV No. 26, Tomang",11440,021 56941910,021 56941910,-6.171844,106.800038
PTSP Kelurahan Grogol,"Jl. Dr. Nurdin Raya No. 41-43 RT010/RW008, Grogol",11450,021 5684967,021 5684967,-6.159273,106.793383
PTSP Kelurahan Jelambar,"Jl. Hadiah Kav Polri Blok F VII No. 1563, Jelambar",11460,021 5684003,021 5684003,-6.161523,106.781682
PTSP Kelurahan Jelambar Baru,"Kompleks Taman Duta Mas Blok A5, Jelambar Baru",11460,,,-6.147223,106.781477
PTSP Kelurahan Wijaya Kusuma,"Jl. Perdana No. 1, Wijaya Kusuma",11460,,,-6.153615,106.772301
PTSP Kelurahan Tanjung Duren Utara,"Jl. Tanjung Duren Raya No. 2 RT010/RW002, Tanjung Duren Utara",11470,021 5671743,,-6.174591,106.78897
PTSP Kelurahan Tanjung Duren Selatan,"Jl. Tanjung Duren Timur Dalam 6 RT011/RW001, Tanjung Duren Selatan",11470,021 5632791,021 5632791,-6.181389,106.787481
PTSP KECAMATAN KALIDERES,"Jl. Peta Utara No. 26, Kalideres",11840,021 6198344,,-6.142224,106.702176
PTSP Kelurahan Kamal,"Jl. Bunda Raya No. 7, Kamal",10810,,,-6.104446,106.706083
PTSP Kelurahan Tegal Alur,"Jl. Kamal Raya 3, BLKD, Tegal Alur",11820,,,-6.124302,106.719762
PTSP Kelurahan Pegadungan,"Jl. Palem Raja Timur Komplek Citra 3 Blok D-11, Pegadungan",11830,,,-6.129849,106.711097
PTSP Kelurahan Kalideres,"Perumahan Citra I Blok G VI No. 13, Kalideres",11840,021 5447657,,-6.143351,106.69248
PTSP Kelurahan Semanan,"Jl. Raya Semanan No. 45, Semanan",11850,021 6191987,021 6191987,-6.160181,106.705102
PTSP KECAMATAN KEBON JERUK,"Jl. Raya Kebon Jeruk No. 2, Kebon Jeruk",11500,,,-6.198758,106.764263
PTSP Kelurahan Duri Kepa,"Jl. Duri Raya No. 1, Duri Kepa",11510,021 5672464,021 5672464,-6.185095,106.773079
PTSP Kelurahan Kedoya Selatan,"Jl. Kedoya Raya No. 2, Kedoya Selatan",11521,021 95792685,021 5802133,-6.179961,106.758856
PTSP Kelurahan Kedoya Utara,"Komp. Ruko Green Garden Blok Z4/13, Jl. Panjang, Kedoya Utara",11520,021 5814132,021 5814132,-6.176941,106.767497
PTSP Kelurahan Kebon Jeruk,"Jl. Perumahan Kebon Jeruk Baru Blok B, Kebon Jeruk",11530,,,-6.189924,106.773081
PTSP Kelurahan Sukabumi Utara,"Jl. Madrasah II No. 2, Sukabumi Utara",11540,021 5481533,021 5481533,-6.21,106.7779
PTSP Kelurahan Kelapa Dua,"Jl. Raya Kelapa Dua, Kelapa Dua",11550,021 53662601,021 53662601,-6.214503,106.769448
PTSP Kelurahan Sukabumi Selatan,"Jl. Raya Sukabumi Selatan, Sukabumi Selatan",11560,,,-6.21763,106.769657
PTSP KECAMATAN KEMBANGAN,"Taman Meruya Ilir, Jl. Intan 6 Blok F7 No. 6, Meruya Utara",11600,021 58908501,,-6.195025,106.736365
PTSP Kelurahan Kembangan Selatan,"Jl. Kembang Abadi Utama Blok A, Kembangan Selatan",11610,021 58355213,021 58355213,-6.183275,106.7515
PTSP Kelurahan Kembangan Utara,"Jl. H. Saanan RT004/RW002, Kembangan Utara",11610,,,-6.178763,106.735242
PTSP Kelurahan Meruya Utara,"Jl. Taman Aries Blok C6 No. 1, Meruya Utara",11620,021 5858934,021 5858934,-6.196375,106.747663
PTSP Kelurahan Srengseng,"Jl. Raya Srengseng No. 1 RT001/RW002, Srengseng",11630,021 5840808,021 5840808,-6.203544,106.756827
PTSP Kelurahan Joglo,"Jl. Raya Joglo No. 1 RT005/RW008, Joglo",11640,021 5864752,021 5864752,-6.22035,106.735263
PTSP Kelurahan Meruya Selatan,"Jl. H.Saaba No. 7 RT007/RW002, Meruya Selatan",11650,021 5840796,021 5840796,-6.2147661,106.7363909
PTSP KECAMATAN PALMERAH,"Jl. H. Taisir No. 2, Palmerah",11480,021 5480739,021 5346563,-6.19927,106.787166
PTSP Kelurahan Slipi,"Jl. KS Tubun III Dalam No. 10, Slipi",11410,021 5481110,021 5481110,-6.193688,106.802015
PTSP Kelurahan Kota Bambu Utara,"Jl. Kota Bambu Utara II No. 2, Kota Bambu Utara",11420,021 5638671,021 5638671,-6.185408,106.807399
PTSP Kelurahan Jatipulo,"Jl. Turi No. 30 RT014/RW003, Jatipulo",11430,021 5671745,021 5671745,-6.176981,106.804211
PTSP Kelurahan Palmerah,"Jl. Komp. Sandang No. 2 RT005/RW010, Palmerah",11480,021 5490872,021 5490872,-6.202132,106.7871
PTSP Kelurahan Kemanggisan,"Jl. Kemanggisan Ilir I No. 2, Kemanggisan",11480,021 5482206,,-6.192103,106.78672
PTSP Kelurahan Kota Bambu Selatan,"Jl. H. Saaman No. 41, Kota Bambu Selatan",11420,021 5655866,021 5655866,-6.185223,106.801951
PTSP KECAMATAN TAMAN SARI,"Jl. Kemukus No. 2, Tamansari",11100,021 6907046,021 6907046,-6.134628,106.815097
PTSP Kelurahan Pinangsia,"Jl. Mangga Dua III No. 111, Pinangsia",11110,,,-6.138397,106.819586
PTSP Kelurahan Glodok,"Jl. Keadilan 1 No. 1, Glodok",11120,021 6296843,021 6296843,-6.146325,106.812985
PTSP Kelurahan Keagungan,"Jl. Keagungan No. 57-59, Keagungan",11130,021 6296844,021 6296844 ext 102,-6.15085,106.814985
PTSP Kelurahan Krukut,"Jl. Keutamaan No. 39-41, Krukut",11140,021 63854384,,-6.155656,106.816273
PTSP Kelurahan Taman Sari,"Jl. Mangga Besar IV B No. 7, Taman Sari",11150,021 6396087,021 6396087,-6.904079,106.823163
PTSP Kelurahan Maphar,"Jl. Kebon Jeruk 16 No. 15, Maphar",11160,021 6292486,021 6292486,-6.1539,106.819684
PTSP Kelurahan Tangki,"Jl. Dalam THR Lokasari, Tangki",11170,021 6285043,021 6285043,-6.14695,106.822571
PTSP Kelurahan Mangga Besar,"Jl. Mangga Besar III No. 1, Mangga Besar",11180,021 6297674,021 6297674,-6.147629,106.819618
PTSP KECAMATAN TAMBORA,"Jl. Pangeran Tubagus Angke, Tambora",11330,021 6320725,021 6320557,-6.1435027,106.7914778
PTSP Kelurahan Tanah Sereal,"Jl. KH. Moch. Mansyur No.116, Tanah Sereal",11210,021 6390644,021 63861734,-6.158744,106.808676
PTSP Kelurahan Tambora,"Jl. Tambora III No. 8, Tambora",11220,021 63850137,,-6.146702,106.808554
PTSP Kelurahan Roa Malaka,"Jl. Tiang Bendera V No. 36, Roa Malaka",11230,021 6925765,021 6925765,-6.132558,106.807516
PTSP Kelurahan Pekojan,"Jl. Pekojan III No. 97, Pekojan",11240,021 6915992,,-6.139522,106.800681
PTSP Kelurahan Jembatan Lima,"Jl. Stasiun Angke No. 134, Jembatan Lima",11250,021 6339829,021 6339829,-6.14441,106.800725
PTSP Kelurahan Krendang,"Jl. Krendang Selatan No. 21, Krendang",11260,021 6313661,021 6313661,-6.152161,106.801885
PTSP Kelurahan Duri Utara,"Jl. Duri Utara Raya No. 22 RT006/RW006, Duri Utara",11270,021 6329859,021 6329859,-6.15491,106.80199
PTSP Kelurahan Duri Selatan,"Jl. Duri Selatan VIII No. 9, Duri Selatan",11270,021 6302371,021 6302371,-6.158237,106.8027
PTSP Kelurahan Kalianyar,"Jl. Kalianyar Raya No. 12, Kalianyar",11310,021 6313217,021 6313217,-6.159524,106.798594
PTSP Kelurahan Jembatan Besi,"Jl. Jembatan Besi VIII No. 1, Jembatan Besi",11320,021 6610743,021 6310743,-6.152661,106.798219
PTSP Kelurahan Angke,"Jl. H. Jamhari No. 25 RT001/RW001, Angke",11330,021 6342578,021 6342578,-6.143393,106.800175
 PTSP KOTA ADMINISTRASI JAKARTA SELATAN,"Jl. Prapanca Raya No. 9, Jakarta Selatan",,,,-6.248369,106.8072
PTSP KECAMATAN KEBAYORAN BARU,"Jl. Kerinci IX Blok E No. 1, Kebayoran Baru",12120,021 7207314,021 7250460,-6.2400605,106.7885792
PTSP Kelurahan Selong,"Jl. Bakti I Gang Limo No. 1, Selong ",12110,021 5260937,021 5260937,-6.231998,106.814366
PTSP Kelurahan Gunung,"Jl. Bujana Dalam No. 7, Gunung",12120,021 7234586,021 7234586,-6.2346637,106.7861754
PTSP Kelurahan Kramat Pela,"Jl. Gandaria Tengah V No. 2, Kramat Pela",12130,021 7245537,021 7245537,-6.2449132,106.7884015
PTSP Kelurahan Gandaria Utara,"Jl. Taman Radio Dalam VI No. 1, Gandaria Utara",12140,021 7208566,021 7208566,-6.2572512,106.788016
PTSP Kelurahan Cipete Utara,"Jl. Sawo Dalam III No. 10, Cipete Utara",12150,021 7209824,021  7209824,-6.2627281,106.8008778
PTSP Kelurahan Pulo,"Jl. Prapanca Raya No. 5 RT005/RW003, Jakarta Selatan",12160,021 7207449,,-6.250520818,106.8095377
PTSP Kelurahan Melawai,"Jl. Wijaya IX No. 14, Melawai",12160,021 7246819,021 7246819,-6.248491,106.8027
PTSP Kelurahan Petogogan,"Jl. Wijaya Timur Raya No. 1, Petogogan",12170,021 72790654,021 72790654,,
PTSP Kelurahan Rawa Barat,"Jl. Cibeber 3 Pav. 5, Rawa Barat",12180,021 7222509,021 7222509,-6.2349256,106.8114024
PTSP Kelurahan Senayan,"Jl. Tulodong Bawah X No. 3, Senayan (Kantor Sementara : Jl. Tulodong bawah VII No. 53 - 54)",12190,021 5736501,021 5736501,-6.2288073,106.8090568
PTSP KECAMATAN KEBAYORAN LAMA,"Jl. Ciputat Raya No. 1, Kebayoran Lama, Kota Jakarta Selatan",12240,021 7208053,,-6.2494918,106.776344
PTSP Kelurahan Grogol Utara,"Jl. Kemandoran 1 No. 99 RT001/RW011, Grogol Utara",12210,021 53653261,021 5480785,-6.2133644,106.7925056
PTSP Kelurahan Grogol Selatan,"Jl. Kubur Islam No. 1, Grogol Selatan",12220,021 7210317,021 7251945,-6.230549,106.783327
PTSP Kelurahan Cipulir,"Jl. Samudra I No. 1 RT002/RW006, Cipulir",12230,021 7222353,021 7222353,-6.239233,106.776325
PTSP Kelurahan Kebayoran Lama Utara,"Jl. Ciputat Raya No. 1A, Kebayoran Lama Utara",12240,021 7222816,021 7222816,-6.241996,106.78109
PTSP Kelurahan Kebayoran Lama Selatan,"Jl. Bungur Raya No. 1 RT002/RW002, Kebayoran Lama Selatan",12240,021 7262732,021 7204043,-6.248487,106.782882
PTSP Kelurahan Pondok Pinang,"Jl. Pondok Pinang VI No. 1 RT010/RW002, Pondok Pinang",12310,021 7690914,021 75910560,-6.264481,106.775113
PTSP KECAMATAN PESANGGRAHAN,Jl. Pesanggrahan Raya No. 2,,021 7360821,,-6.257001,106.756298
PTSP KelurahanPTSP Kelurahan Ulujami,Jl. Ulujami Raya No. 1,12250,,,-6.24555835,106.7621815
PTSP KelurahanPTSP Kelurahan Petukangan Utara,Masjid Darul Falah,12260,021 58904622,,-6.227052,106.752995
PTSP KelurahanPTSP KelurahanPetukangan Selatan,"Jl. Damai Pondok 1 No. 2, ",12270,,,-6.249476,106.752871
PTSP KelurahanPTSP Kelurahan Pesanggrahan,"Jl. Pesanggrahan Raya No. 1, Pesanggrahan",12320,021 7363249,021 7363249,-6.257104,106.757167
PTSP KelurahanPTSP Kelurahan Bintaro,"Jl. RC Veteran No. 1, Bintaro",12330,021 7365089,021 7365089?,-6.272916,106.764194
PTSP KECAMATAN CILANDAK,"Jl. KH Muhasim Raya, Cilandak Barat",,,,-6.29144,106.791
PTSP Kelurahan Cipete Selatan,"Jl. Palem No. 17A, Cipete Selatan",12410,021 7692042,021 7692042,-6.273964,106.7987
PTSP Kelurahan Gandaria Selatan,"Jl. Mangga No. 28B, Gandaria Selatan",12420,021 7691751,,-6.2705753,106.7919265
PTSP Kelurahan Cilandak Barat,"Jl. KH. Muhasyim Raya No. 1, Cilandak Barat",12430,021 7507450,021 7507232,-6.280722,106.791743
PTSP Kelurahan Lebak Bulus,"Jl. Manunggal Jaya No. 1, Lebak Bulus",12440,021 7513421,021 7513421,-6.304529,106.784533
PTSP Kelurahan Pondok Labu,"Jl. Swakarya Bawah No. 1, Pondok Labu",12450,021 7690032,021 7690032,-6.306472,106.7986
PTSP KECAMATAN PASAR MINGGU,"Jl. Raya Ragunan No. 29, Pasar Minggu",,,,-6.285876,106.831759
PTSP Kelurahan Pejaten Barat,"Jl. Siaga Raya No. 1 RT012/RW004, Pejaten Barat",12510,021 7987689,021 7987689,-6.269907,106.837688
PTSP Kelurahan Pejaten Timur,"Jl. Swadaya I No. 1, Pejaten Timur",12510,021 7806188,021 7806188,-6.2942965,106.8453142
PTSP Kelurahan Pasar Minggu,"Jl. Raya Ragunan No. 16 RT012/RW004, Pasar Minggu",12520,021 7805716,021 7805716,-6.2856247,106.840447
PTSP Kelurahan Kebagusan,"Jl. Kebagusan IV No. 1 RT0009/RW005, Kebagusan",12520,021 78833689,021 78833689,-6.313615,106.829922
PTSP Kelurahan Jati Padang,"Jl. Raya Ragunan No. 2, Jati Padang",12540,021 7805715,021 78843230,-6.285801,106.834726
PTSP Kelurahan Ragunan,"Jl. Saco No. 1, Ragunan",12550,021 7812816,021 7812816,-6.306002,106.8193
PTSP Kelurahan Cilandak Timur,"Jl. Bhakti  No. 48, Cilandak Timur ",12560,021 7891556  ,021 7812282 ,-6.307322,106.8105
PTSP KECAMATAN JAGAKARSA,"Jl. Sirsak No. 2, Jagakarsa",12620,021 7867686,021 7271753,-6.334413,106.821343
PTSP Kelurahan Tanjung Barat,"Jl. Rancho Indah, Tanjung Barat",12530,021 7891975,021 7891975,-6.309617,106.850562
PTSP Kelurahan Lenteng Agung,"Jl. Agung Raya No. 1, Lenteng Agung",12530,,,-6.323849,106.837389
PTSP Kelurahan Jagakarsa,"Jl. Jagakarsa No. 2, Jagakarsa",12620,,,-6.328217,106.8224042
PTSP Kelurahan Ciganjur,"Jl. Anda No. 1B, Ciganjur",12630,,,-6.3381781,106.8105358
PTSP Kelurahan Srengseng Sawah,"Jl. Raya Srengseng Sawah RT008/RW003 No. 8, Srengseng Sawah",12640,021 78883584,,-6.3452251,106.8310292
PTSP Kelurahan Cipedak,"Jl. Pinding No. 1, Cipedak",12630,021 7271110,,-6.3449399,106.8026206
PTSP KECAMATAN MAMPANG,"Jl. Mampang Prapatan No. 13, Mampang",,,,-6.252015,106.824338
PTSP Kelurahan Kuningan Barat,"Jl. Kuningan Barat 1 RT004/RW001, Kuningan Barat",12710,021 5256717,021 5256717,-6.239803,106.820397
PTSP Kelurahan Pela Mampang,"Jl. Bangka X Ujung RT004/RW007, Pela Mampang",12720,021 7182380,,-6.252964,106.811304
PTSP Kelurahan Bangka,"Jl. Kemang Timur I No. 1, Bangka",12730,021  7990012,021 7990012,-6.25909,106.8259
PTSP Kelurahan Tegal Parang,"Jl. Tegal Parang Selatan V RT008/RW004, Tegal Parang ",12790,021 797 4974,021 797 4974,-6.250228,106.8333267
PTSP Kelurahan Mampang Prapatan,"Jl. Mampang Prapatan IV Gg. M RT008/RW005, Mampang Prapatan",12970,021 7991338,021 7991338,-6.2455343,106.8262408
PTSP KECAMATAN PANCORAN,"Jl. Pengadegan Timur II No. 2, Kalibata",,,,-6.24899593,106.8595339
PTSP Kelurahan Kalibata,"Jl. Raya Empang Tiga No. 51, Kalibata",12740,021 7995563,021 7995563,-6.262322,106.847101
PTSP Kelurahan Rawa Jati,"Jl. Rawajati Barat RT006/RW004, Rawajati",12750,021 7996204,021 7902273,-6.260178,106.8527
PTSP Kelurahan Duren Tiga,"Jl. Duren Tiga No. 17, Duren Tiga",12760,021 7912718,,-6.2541413,106.8346127
PTSP Kelurahan Cikoko,"Jl. Cikoko Barat III No. 45, Cikoko",12270,021 7989753,021 7902271,-6.2463217,106.8505873
PTSP Kelurahan Pengadegan,"Jl. Pengadegan Timur I, Pengadegan",12270,,,-6.250873,106.861188
PTSP Kelurahan Pancoran,"Jl. Pancoran Barat III No. 55, Pancoran",12780,021 7994107,021 7994107,-6.24873,106.840871
PTSP KECAMATAN TEBET,"Jl. Prof. Dr. Supomo SH, Tebet Barat",,,,-6.2315433,106.845882
PTSP KelurahanTebet Barat,"Jl. Tebet Barat IV No. 1, Tebet Barat",12810,021 8304060,,-6.2330495,106.8462838
PTSP Kelurahan Tebet Timur,"Jl. Tebet Timur Dalam III M No. 15, Tebet Timur",12820,021 83787297,021 83787297,-6.225208,106.851443
PTSP Kelurahan Kebon Baru,"Jl. Asem Baris Raya No. 101, Kebon Baru",12830,021 8294447,,-6.232357,106.8569288
PTSP Kelurahan Bukit Duri,"Jl. Kampung Melayu Kecil III No. 12, Bukit Duri",12840,021  8305311,021  8305311,-6.224337,106.861257
PTSP Kelurahan Manggarai,"Jl. Lap. Menara Air II RT007/RW011, Manggarai (Tahap Renovasi Total)
Jl. Dr. Saharjo No. 63 RT015/RW008, Manggarai (Kantor Sementara) ",12850,021 8305006,021 8319677,-6.213719,106.844898
PTSP Kelurahan Manggarai Selatan,Jl. Rambutan No. IV D Kec. Tebet,12860,021 8303560,021 8303560,-6.217874,106.847087
PTSP Kelurahan Menteng Dalam,"Jl. Rasamala 3 No. 4, Menteng Dalam",12879,021 8292421,021 8319681,-6.234568,106.837196
PTSP KECAMATAN SETIA BUDI,"Jl. Setiabudi Barat 8K, Setiabudi",12910,021 94343011,,-6.2087227,106.8237905
PTSP Kelurahan Setiabudi,"Jl. Setiabudi Barat No. 8, Setiabudi",,,,-6.208302,106.823896
PTSP Kelurahan Karet,"Jl. Karet Karya 1, Kecamatan Setiabudi,",12920,021 5254628,021 5254628,-6.210832,106.826
PTSP Kelurahan Karet Semanggi,"Jl. KH. Guru Mughni No. 1, Karet Semanggi",12930,021 29306210,021 29306210,-6.225314,106.821229
PTSP Kelurahan Karet Kuningan,"Jl. Anggrek IV No. 1 RT006/RW002, Karet Kuningan",12940,021 5273653,021 5273653,-6.218834,106.824913
PTSP Kelurahan Kuningan Timur,Jl. Mega Kuningan Barat III No. 1,12950,,021 5253868,-6.23173,106.8238113
PTSP Kelurahan Menteng Atas,"Jl. Menteng Pulo, Menteng Atas",,,,-6.221994,106.838517
PTSP Kelurahan Pasar Manggis,"Jl. Menteng Wadas Timur/Bogor Lama No. 121, Pasar Manggis",12970,021 8319683,021 8319683,-6209730,106.842047
PTSP Kelurahan Guntur,"Jl. Perahu No. 2, Guntur",12980,021 8319684,021 8319684,-6.2070508,106.8337793
 PTSP KOTA ADMINISTRASI JAKARTA TIMUR,"Jl. Sentra Timur, Pulo Gebang, Cakung",,,,-6.12458,-106.56363
PTSP KECAMATAN MATRAMAN,Jl. Balai Rakyat Utan Kaya Utara,,,,-6.197584,106.869083
PTSP Kelurahan Pisangan Baru,Jl. Pisangan Baru Utara,13110,021 8505372,,-6.209269,106.871159
PTSP Kelurahan Utan Kayu Selatan,"Jl. Galur Sari Timur No. 1, Utan Kayu Selatan",13121,021 8563330,,-6.200649,106.868718
PTSP Kelurahan Utan Kayu Utara,"Jl. Kemuning No. 42, Utan Kayu Utara",13120,021 8505154,021 8516162,-6.1981852,106.8651331
PTSP Kelurahan Kayu Manis,"Jl. Kayumanis VIII No 32, Kec. Matraman, Jakarta Timur",13130,021 8516062,,-6.2062359,106.8627264
PTSP Kelurahan Pal Meriam,"Jl. Kayu Manis I Lama, Palmeriam",13140,021 8517166,,-6.207106,106.861511
PTSP Kelurahan Kebon Manggis,"Jl. Kebon Manggis 1 No. 1, Kebon Manggis",13150,"021 29360499, 021 8565567",021 8565567,-6.205584,106.855634
PTSP KECAMATAN PULO GADUNG,"Jl. Raya Bekasi Km.18, Kel. Jatinegara Kaum, Kec. Pulogadung, Jakarta Timur ",13250,0812 87300057 (sms),,-6.198453,106.9047
PTSP Kelurahan Kayu Putih,"Jl. Genteng No. 2, Kayu Putih",13210,021 4894412,021 4754769,-6.1859468,106.8873675
PTSP Kelurahan Jati,"Jl. Perhubungan Raya No. 79C, Jati",13220,021 47869719,021 47869719,-6.1992587,106.9002253
PTSP Kelurahan Rawamangun,Jl. Rawamangun Muka Barat No. 3,13221,021 4722029,,-6.19895,106.880843
PTSP Kelurahan Pisangan Timur,"Jl. H. Mugeni II No. 2, Pisangan Timur",13230,021 4754762,,-6.2084796,106.8770059
PTSP Kelurahan Cipinang,"Jl. Cipinang Empang No. 1 RT004/RW015, Cipinang",13240,021 4891817,021 4754869,-6.2088277,106.8951428
PTSP Kelurahan Jatinegara Kaum,"Jl. TB Badarudin Tanah Koja, Jatinegara Kaum",13250,021 4751119 ,021 4754764,-6.2102702,106.8957819
PTSP Kelurahan Pulo Gadung,"Jl. Kayu Putih IV, Pulogadung Jakarta Timur ",13270,,,-6.185902,106.893812
PTSP KECAMATAN JATINEGARA,"Jl. DI Panjaitan, Jatinegara",,,,-6.228328,106.874506
PTSP Kelurahan Bali Mester,"Jl. Jatinegara Barat II No. 19, Balimester",13310,021 8191162,021 8191162,-6.220217,106.8667
PTSP Kelurahan Kampung Melayu,"Jl. Kebon Pala I No. 32, Kampung Melayu",13320,021 8192534 ,021 8192534,-6.2145477,106.8597636
PTSP Kelurahan Bidaracina,Jl. Tanjung Lengkong,13330,,,-6.239937,106.86741
PTSP Kelurahan Cipinang Cempedak,"Jl. Panti Asuhan, Cipinang Cempedak Jakarta Timur",13340,021 8194853,,-6.2283708,106.8742068
PTSP Kelurahan Rawa Bunga,"Jl. Jatinegara Timur IV, Rawa Bunga",13350,021 8192468,021 8516060,-6.221718,106.869786
PTSP Kelurahan Cipinang Besar Utara,Jl. Swadaya II,13410,,,-6.217444,106.88226
PTSP Kelurahan Cipinang Besar Selatan,Jl. Cipinang Jaya GG Ujung,13410,021 8191146,,-6.2243522,106.8831864
PTSP Kelurahan Cipinang Muara,"Jl. Cipinang Muara Raya No. 1, Cipinang Muara",13420,021 8191284,021 8516058,-6.2274276,106.8865439
PTSP KECAMATAN DUREN SAWIT,Jl. Swadaya 8 No. 1,,,,-6.233069,106.918093
PTSP Kelurahan Pondok Bambu,"Jl. Pahlawan Revolusi No. 147, Pondok Bambu",13430,021 8615784,021 8631963,-6.235352,106.89553
PTSP Kelurahan Duren Sawit,"Jl. Kelurahan Raya No. 1, Duren Sawit",13440,021 8615183,021 8615183,-6.2308677,106.914467
PTSP Kelurahan Pondok Kelapa,"Jl. H. Dogon Timur I/32, Pondok Kelapa Jakarta Timur",13450,021 8645513,021 8645513,-6.240044,106.93498
PTSP Kelurahan Pondok Kopi,"Jl. Arabika III Blok W7, Pondok Kopi",13460,021 8614772,021 8631961,-6.229348,106.944539
PTSP Kelurahan Malaka Jaya,"Jl. Teratai Putih Raya No. 1, Malaka Jaya",13460,021 8631964,021 8631964,-6.2222756,106.9325496
PTSP Kelurahan Malaka Sari,Jl. Raya Malaka No. 122,13460,021 8614774,,-6.2273477,106.9257799
PTSP Kelurahan Klender,"Jl. Bulak Timur I No. 12, Klender",13470,021 8614773,021 8631962,-6.216766,106.9082193
PTSP KECAMATAN KRAMAT JATI,"Jl. Raya Bogor Km. 20, Kramat Jati",13510,021 8009165,021 8092783,-6.284972,106.871602
PTSP Kelurahan Kramat Jati,"Jl. Kerja Bakti No. 32, Kramatjati",13510,021 8007033,021 8007033,-6.2774196,106.869678
PTSP Kelurahan Batu Ampar,Jl. Batu Ampar II RT006/RW003,15320,021 8098060,021 8005609,-6.2829306,106.8588353
PTSP Kelurahan Balekambang,Jl. Gardu Kober RT009/RW002,13530,021 8096875,,-6.2815606,106.8503887
PTSP Kelurahan Tengah,Jl. Mesjid Albariyah RT009/RW004,13540,"021 840 0647, 0856 94171718",,-6.290214,106.864666
PTSP Kelurahan Dukuh,"Jl. Dukuh V RT007/RW002, Tengah ",13550,021 8407689,021 8407689,-6.2922062,106.877065
PTSP Kelurahan Cawang,"Jl. Jaani Nasir No. 7, Cawang",13630,021 8092643,021 8092643,-6.251119,106.8686977
PTSP Kelurahan Cililitan,"Jl. Mandala V Gg. Ali Sarbi II, Kel.Cililitan Kec.Kramat Jati, Jakarta Timur",13640,021 8090825,021 8090825,-6.2604727,106.8701826
PTSP KECAMATAN MAKASAR,"Jl. Lembur No. 1, Makasar",,,,-6.279262,106.87839
PTSP Kelurahan Pinang Ranti,"Jl. SMA 48, Pinang Ranti",13560,021 8001403,021 8001403,-6.28769,106.8815
PTSP Kelurahan Makasar,"Jl. Pinang Ranti Timur No. 44, Makasar, Jakarta Timur (Sementara)",13570,0812 81194279,,-6.280396,106.876506
PTSP Kelurahan Halim Perdanakusuma,"Jl. Squadron No. 1A, Halim PK",13610,021 8093744,021 8093744,-6.2679326,106.8783924
PTSP Kelurahan Cipinang Melayu,"Jl. Inspeksi Tarum Barat No. 1, Cipinang Melayu",13620,021 86608247,021 86608247,-6.2446092,106.8987644
PTSP Kelurahan Kebon Pala,"Jl.Cipinang Asem RT011/RW004, Kebon Pala",13650,021 8006059,021 8007677,-6.256637,106.87792
PTSP KECAMATAN PASAR REBO,"Jl. Raya Bogor Km. 27, Pasar Rebo",13710,021 8711217,,-6.339773,106.869906
PTSP Kelurahan Pekayon,"Jl. Madrasah RT003/RW009, Pekayon",13710,021 8719018,021 8727634,-6.3416226,106.8605161
PTSP Kelurahan Gedong,"Jl. H. Taiman No. 20, Gedong",13760,021 8400035,021 8400035,-6.301435,106.866007
PTSP Kelurahan Cijantung,"Jl. Raya Gongseng No. 88 RT001/RW010, Cijantung",13740,,,-6.324887,106.862037
PTSP Kelurahan Baru,"Jl. Puskesmas RT008/RW001, Baru",13780,021 8416450,,-6.323494,106.85109
PTSP Kelurahan Kalisari,"Jl. Kalisari Raya RT011/RW002, Kel. Kalisari, Pasar Rebo, Jakarta Timur",13790,021 8407689,021 8710995,-6.3371503,106.855826
PTSP KECAMATAN CIRACAS,"Jl. Asem No. 7A RT003/RW004, Ciracas",13740,021 29616724,021 29616724,-6.3314938,106.8858951
PTSP Kelurahan Cibubur,"Jl. Raya Lapangan Tembak No. 1 RT005/RW002, Cibubur",13720,021 8710994,021 8710994,-6.34999,106.876567
PTSP Kelurahan Kelapa Dua Wetan,Jl. Raya PKP,13730,021 8705270,,-6.338733,106.88229
PTSP Kelurahan Ciracas,Jl.  Raya Ciracas No. 4,13740,021 8710996,,-6.3285167,106.8776661
PTSP Kelurahan Susukan,"Jl. H. Baping No. 20 RT010/RW006, Susukan",13750,021 8400134,021 8400134,-6.3127241,106.8747755
PTSP Kelurahan Rambutan,"Jl. Gudang Air No. 36 RT005/RW002, Rambutan",13830,"021 87790004, 021 87790008",021 87790008,-6.30189,106.87206
 PTSP KECAMATAN CIPAYUNG,"Jl. Bina Marga No. 2, Cipayung",13840,021 8444659,021 8444636,-6.328763,106.888426
PTSP Kelurahan Lubang Buaya,"Jl. SPG 7, Cipayung, Jakarta Timur",13810,021 8411734,,-6.2892118,106.9041351
PTSP Kelurahan Ceger,"Jl. SMPN 160 RT002/RW005, Ceger",13820,021 8444971,021 8444971,-6.3145654,106.8895349
PTSP Kelurahan Cipayung,"Jl. Bambu Hitam No. 103 RT010/RW004, Cipayung, Cipayung, Jakarta Timur",13840,021 84303987,,-6.324642,106.899316
PTSP Kelurahan Munjul,"Jl. Buni No. 1, Munjul",13850,021 8451676,,-6.3486711,106.8942963
PTSP Kelurahan Pondok Ranggon,"Jl. Pondok Ranggon Raya No. 1, Pondok Ranggon",13860,021 8444085,,-6.3477426,106.9143519
PTSP Kelurahan Cilangkap,"Jl. As-Syafiiyah No. 1, Cilangkap",13870,021 84596168,021 84596168,-6.333802,106.903133
PTSP Kelurahan Setu,"Jl. Raya Setu RT005/RW001, Setu",13880,021 8465328,,-6.3094,106.9127448
PTSP Kelurahan Bambu Apus,"Jl. Mini III, Bambu Apus, Cipayung, Jakarta timur",13890,021 84976879 ,,-6.3058289,106.9071107
PTSP KECAMATAN CAKUNG,"Jl. Raya Bekasi Km. 23, Cakung Barat, Cakung, Jakarta Timur",13950,0813 15777960,,-6.18442,106.939999
PTSP Kelurahan Cakung Barat,"Kel. Cakung Barat Kec. Cakung, Jakarta Timur",13910,021 4601748,021 4601748,-6.173764,106.933566
PTSP Kelurahan Cakung Timur,"Jl. Irigasi Gempol, Cakung Timur",13910,021 4600915,021 4600915,-6.1834245,106.9575879
PTSP Kelurahan Rawa Terate,Jl. DR KRTRadjiman Widyodiningrat,13920,021 4602445,021 4602445,-6.1853403,106.9216964
PTSP Kelurahan Jatinegara,"Jl. Raya Bekasi Km. 18, Jatinegara",13930,021 4606231,021 4606231,-6.1977153,106.9053096
PTSP Kelurahan Penggilingan,"Jl. Komplek PIK Penggilingan, Penggilingan",13940,021 4600927,021 4618713,-6.202838,106.931087
PTSP Kelurahan Pulogebang,"Jl. Raya Pulo Gebang No. 4 RT006/RW003, Pulogebang",13950,021 48700917,021 48700917,-6.21601,106.95448
PTSP Kelurahan Ujung Menteng,"Jl. Raya Bekasi Km. 26, Ujung Menteng Jakarta Timur",13960,021 4618710,,-6.1865472,106.9629561
 PTSP KABUPATEN KEPULAUAN SERIBU,Pulau Pramuka,14450,,,-5.74618,106.613625
PTSP KECAMATAN KEPULAUAN SERIBU UTARA,Pulau Kelapa,14540,,,-5.654803,106.567983
PTSP Kelurahan Pulau Kelapa,Pulau Kelapa,14540,,,-5.654803,106.567983
PTSP Kelurahan Pulau Harapan,Pulau Harapan,14540,,,-5.652579,106.577102
PTSP Kelurahan Pulau Untung Jawa,"Jl. Bougenvile No.1 RT001/RW002, Pulau Untung Jawa",14510,,,-5.977426,106.707243
PTSP KECAMATAN KEPULAUAN SERIBU SELATAN,Pulau Tidung,14520,,,-5.796656,106.495786
PTSP Kelurahan Pulau Tidung,Pulau Tidung,14520,,,-5.796656,106.495786
PTSP Kelurahan Pulau Pari,Pulau Pari,14520,,,-5.857534,106.618079
PTSP Kelurahan Pulau Panggang,Pulau Panggang,14530,,,-5.738756,106.600395
